index,First Name,Email ID,CGPA,Experience with python (Months),Expected salary (Lac)
3,Pooja,pooja@xyz.com,8.7,7,8
14,Saba,saba@xyz.com,9.5,7,20
18,Shubham ,shubham@xyz.com,9.1,7,21
22,Manasi ,manasi@xyz.com,8.4,7,14
25,Harshal,harshal@xyz.com,8.3,7,14
41,Aayush,aayush@xyz.com,8.7,7,5
42,Mrunali,mrunali@xyz.com,9.5,7,21
54,Shruti,shruti@xyz.com,8.7,7,7
61,Varun,varun@xyz.com,8.1,7,15
65,Shweta,shweta@xyz.com,8.5,7,10
67,Vaishnavi,vaishnavi@xyz.com,9.4,7,25
83,Rehan,rehan@xyz.com,9.4,7,21
90,Dinesh,dinesh@xyz.com,8.3,7,19
92,Yash,yash@xyz.com,8.1,7,17
98,Kapil,kapil@xyz.com,9.1,7,24
104,shashank,shashank@xyz.com,9.5,7,23
112,Ashwini,ashwini@xyz.com,9.2,7,20
123,Chetan ,chetan@xyz.com,8.5,7,9
124,Apurva,apurva@xyz.com,8.5,7,9
127,Vaibhav,vaibhav@xyz.com,8.7,7,21
130,Aatif,aatif@xyz.com,9.3,7,21
144,Darshan ,darshan@xyz.com,9.7,7,17
149,Vedant,vedant@xyz.com,8.7,7,8
153,Priyanka,priyanka@xyz.com,9.1,7,28
157,Pooja,pooja@xyz.com,8.6,7,20
160,AKANKSHA,akanksha@xyz.com,8.1,7,8
166,Sanika,sanika@xyz.com,9.9,7,16
169,Snehal,snehal@xyz.com,8.3,7,8
200,VAIBHAVI,vaibhavi@xyz.com,8.5,7,9
204,Pooja,pooja@xyz.com,8.6,7,21
205,Sandesh,sandesh@xyz.com,8.5,7,5
212,Bhushan,bhushan@xyz.com,8.5,7,21
221,Vaishnavi,vaishnavi@xyz.com,8.3,7,8
226,Prathamesh,prathamesh@xyz.com,9.6,7,19
247,Sudarshan,sudarshan@xyz.com,8.4,7,21
251,Manasi,manasi@xyz.com,8.5,7,16
252,Manali,manali@xyz.com,9.1,7,19
254,Harshal,harshal@xyz.com,8.7,7,20
263,Rohit,rohit@xyz.com,9.9,7,24
278,Mayuri,mayuri@xyz.com,9.1,7,30
286,Mayuri ,mayuri@xyz.com,9.5,7,20
291,Mahesh,mahesh@xyz.com,8.4,7,6
308,Shravani,shravani@xyz.com,9.2,7,25
324,Shrinath,shrinath@xyz.com,8.1,7,21
366,Omkar,omkar@xyz.com,9.2,7,20
371,Himanshu ,himanshu@xyz.com,8.4,7,5
374,Vishal,vishal@xyz.com,8.5,7,13
375,Prathamesh,prathamesh@xyz.com,8.5,7,24
376,Vaishali,vaishali@xyz.com,9.1,7,17
377,Prathamesh,prathamesh@xyz.com,8.7,7,21
379,Ashwini,ashwini@xyz.com,9.3,7,20
387,Roshan,roshan@xyz.com,9.2,7,18
388,Bhagyashri ,bhagyashri@xyz.com,9.9,7,23
389,Harsh,harsh@xyz.com,9.3,7,19
399,Jitesh,jitesh@xyz.com,8.2,7,6
401,Manali ,manali@xyz.com,8.5,7,20
407,Taksh,taksh@xyz.com,8.7,7,13
423,RICKY,ricky@xyz.com,9.9,7,25
441,Apurva ,apurva@xyz.com,8.7,7,22
444,Anjali ,anjali@xyz.com,9.2,7,20
452,Anurag,anurag@xyz.com,8.7,7,12
454,Rohit,rohit@xyz.com,9.0,7,21
458,Prajwal ,prajwal@xyz.com,9.3,7,21
464,AVINASH,avinash@xyz.com,8.6,7,21
476,Sakshi,sakshi@xyz.com,8.3,7,8
480,Samarth,samarth@xyz.com,9.3,7,15
484,Tejas,tejas@xyz.com,8.1,7,8
503,Ruchita ,ruchita@xyz.com,8.4,7,8
510,mansi,mansi@xyz.com,8.5,7,9
518,Gayatri,gayatri@xyz.com,9.2,7,17
521,Vishal,vishal@xyz.com,9.2,7,28
527,SAKSHI,sakshi@xyz.com,8.3,7,7
533,Yogesh ,yogesh@xyz.com,8.7,7,7
543,Siddharth,siddharth@xyz.com,8.9,7,16
545,Shraddha,shraddha@xyz.com,9.5,7,19
554,Rohit,rohit@xyz.com,9.5,7,15
556,RAKSHA,raksha@xyz.com,8.8,7,12
569,Mohammed Sarfaraz ,mohammedsarfaraz@xyz.com,8.7,7,11
582,Abhishek,abhishek@xyz.com,8.5,7,8
589,ravi,ravi@xyz.com,8.5,7,23
590,Harshal,harshal@xyz.com,9.1,7,17
600,Pratik,pratik@xyz.com,8.1,7,8
611,Rahul,rahul@xyz.com,9.3,7,17
614,Mrunal,mrunal@xyz.com,8.3,7,11
624,Gaurav,gaurav@xyz.com,9.1,7,16
629,Shubham,shubham@xyz.com,9.2,7,21
637,Isha,isha@xyz.com,8.5,7,8
638,Shweta,shweta@xyz.com,8.5,7,8
641,Sakshi,sakshi@xyz.com,9.3,7,15
648,Paul,paul@xyz.com,9.3,7,18
659,Rutuja,rutuja@xyz.com,9.1,7,19
660,Vaishnavi,vaishnavi@xyz.com,9.5,7,21
670,Vaibhav,vaibhav@xyz.com,9.9,7,21
672,Rahul,rahul@xyz.com,9.5,7,23
714,Khushi,khushi@xyz.com,8.3,7,9
722,Matthew,matthew@xyz.com,8.5,7,19
723,Nancy,nancy@xyz.com,8.1,7,22
728,Liza,liza@xyz.com,9.4,7,24
731,Lesa,lesa@xyz.com,8.3,7,12
737,Jose,jose@xyz.com,9.1,7,16
752,George,george@xyz.com,9.2,7,19
764,Donna,donna@xyz.com,8.5,7,15
767,Ron,ron@xyz.com,8.7,7,12
772,Edmund,edmund@xyz.com,8.7,7,19
778,John,john@xyz.com,9.9,7,19
779,Chelsey,chelsey@xyz.com,9.3,7,26
791,Lloyd,lloyd@xyz.com,8.7,7,21
807,Refugio,refugio@xyz.com,9.2,7,25
809,Angel,angel@xyz.com,8.1,7,8
811,Lauren,lauren@xyz.com,9.8,7,21
823,Justin,justin@xyz.com,8.5,7,8
829,Julie,julie@xyz.com,9.9,7,24
834,Phillip,phillip@xyz.com,8.7,7,5
868,Hector,hector@xyz.com,8.3,7,7
872,Virginia,virginia@xyz.com,9.6,7,21
876,Aida,aida@xyz.com,9.1,7,30
882,Jeremiah,jeremiah@xyz.com,9.1,7,30
884,Heather,heather@xyz.com,9.5,7,21
889,Roxanna,roxanna@xyz.com,9.2,7,30
892,Raymond,raymond@xyz.com,9.3,7,21
894,Stephanie,stephanie@xyz.com,8.4,7,13
900,Lori,lori@xyz.com,9.7,7,25
919,Jeanne,jeanne@xyz.com,8.2,7,8
921,Katrina,katrina@xyz.com,9.1,7,21
931,Cheryl,cheryl@xyz.com,8.4,7,6
935,Sharon,sharon@xyz.com,9.5,7,20
937,Clay,clay@xyz.com,8.3,7,9
945,Josh,josh@xyz.com,8.7,7,8
964,Pedro,pedro@xyz.com,9.1,7,19
973,Steven,steven@xyz.com,9.4,7,21
975,Dominique,dominique@xyz.com,8.5,7,21
987,Randolph,randolph@xyz.com,9.6,7,24
1000,Sheila,sheila@xyz.com,8.4,7,9
1003,Alise,alise@xyz.com,9.9,7,15
1005,Melanie,melanie@xyz.com,9.3,7,18
1020,Ricardo,ricardo@xyz.com,9.1,7,10
1023,Leigh,leigh@xyz.com,8.3,7,21
1026,Gabrielle,gabrielle@xyz.com,9.3,7,21
1036,Janis,janis@xyz.com,9.5,7,21
1038,Greg,greg@xyz.com,8.2,7,8
1046,Arthur,arthur@xyz.com,9.8,7,20
1049,Eloise,eloise@xyz.com,9.5,7,21
1078,Camilla,camilla@xyz.com,9.5,7,22
1080,Mike,mike@xyz.com,9.7,7,17
1081,Sybil,sybil@xyz.com,9.3,7,20
1082,Lois,lois@xyz.com,9.1,7,15
1085,Xenia,xenia@xyz.com,8.5,7,11
1088,Leah,leah@xyz.com,8.6,7,10
1094,Cindy,cindy@xyz.com,9.4,7,21
1097,Louise,louise@xyz.com,8.1,7,7
1110,Kaley,kaley@xyz.com,9.3,7,17
1114,Michele,michele@xyz.com,9.1,7,17
1117,Nell,nell@xyz.com,9.5,7,24
1129,Everett,everett@xyz.com,8.4,7,9
1133,Lindsay,lindsay@xyz.com,8.5,7,7
1134,Sheri,sheri@xyz.com,8.5,7,8
1138,Annie,annie@xyz.com,8.8,7,7
1142,Terri,terri@xyz.com,8.7,7,8
1145,Jorge,jorge@xyz.com,9.2,7,19
1150,Juliet,juliet@xyz.com,8.3,7,20
1158,Maxwell,maxwell@xyz.com,8.5,7,21
1159,Joel,joel@xyz.com,9.5,7,17
1174,Nancey,nancey@xyz.com,9.9,7,21
1189,Max,max@xyz.com,9.5,7,17
1198,Stuart,stuart@xyz.com,9.0,7,24
1204,Jeff,jeff@xyz.com,9.3,7,19
1209,Christina,christina@xyz.com,8.3,7,13
1210,Michelle,michelle@xyz.com,8.6,7,15
1229,Larry,larry@xyz.com,8.3,7,9
1232,Johnna,johnna@xyz.com,9.6,7,21
1233,Wallace,wallace@xyz.com,9.1,7,17
1236,Coral,coral@xyz.com,9.1,7,30
1240,Lorine,lorine@xyz.com,9.5,7,17
1252,Edith,edith@xyz.com,8.7,7,5
1255,Rosemarie,rosemarie@xyz.com,8.5,7,8
1257,Derrick,derrick@xyz.com,8.7,7,8
1259,Shelley,shelley@xyz.com,8.8,6,20
1260,Rogelio,rogelio@xyz.com,9.3,6,17
1265,Glenda,glenda@xyz.com,9.2,7,15
1266,Tracy,tracy@xyz.com,9.3,7,20
1268,Herman,herman@xyz.com,8.3,6,9
1286,Nathaniel,nathaniel@xyz.com,9.6,6,25
1293,Rodney,rodney@xyz.com,8.5,6,21
1295,Antonia,antonia@xyz.com,8.3,6,7
1322,Joni,joni@xyz.com,8.5,7,18
1325,Alton,alton@xyz.com,9.4,7,29
1327,Deandra,deandra@xyz.com,8.5,6,7
1328,Bernard,bernard@xyz.com,9.1,7,17
1332,Jane,jane@xyz.com,9.4,7,15
1336,Hazel,hazel@xyz.com,8.1,7,12
1346,Charlotte,charlotte@xyz.com,9.3,6,21
1351,Rachelle,rachelle@xyz.com,8.1,6,8
1353,Evangeline,evangeline@xyz.com,9.3,7,24
1354,Jordan,jordan@xyz.com,9.6,7,17
1355,Sue,sue@xyz.com,9.1,7,21
1360,Ronnie,ronnie@xyz.com,9.1,7,25
1363,Darla,darla@xyz.com,9.2,7,19
1368,Dennis,dennis@xyz.com,8.4,6,8
1369,Beatrice,beatrice@xyz.com,9.2,7,25
1370,Leland,leland@xyz.com,9.9,7,26
1375,Carmella,carmella@xyz.com,8.7,6,5
1379,Morgan,morgan@xyz.com,8.5,6,20
1380,Marilu,marilu@xyz.com,8.5,6,5
1382,Jasmin,jasmin@xyz.com,9.7,6,19
1383,Naomi,naomi@xyz.com,8.7,6,5
1385,Rocky,rocky@xyz.com,8.8,7,9
1390,Myriam,myriam@xyz.com,9.2,6,20
1394,Randall,randall@xyz.com,9.9,6,27
1395,Clarice,clarice@xyz.com,9.3,7,28
1399,Jimmy,jimmy@xyz.com,8.3,7,5
1403,Tressie,tressie@xyz.com,9.7,7,17
1409,Monte,monte@xyz.com,8.5,7,9
1410,Todd,todd@xyz.com,9.1,7,17
1411,Katie,katie@xyz.com,9.5,6,19
1415,Kristopher,kristopher@xyz.com,8.7,7,12
1420,Beth,beth@xyz.com,9.2,7,19
1425,Damien,damien@xyz.com,9.8,6,15
1427,Andres,andres@xyz.com,9.6,7,19
1433,Isaac,isaac@xyz.com,8.4,7,10
1434,Hermelinda,hermelinda@xyz.com,9.9,7,15
1439,Wanda,wanda@xyz.com,8.9,6,8
1440,Charisse,charisse@xyz.com,9.5,6,14
1441,Trent,trent@xyz.com,8.5,6,21
1442,Devon,devon@xyz.com,8.5,7,5
1443,Janice,janice@xyz.com,8.8,7,16
1446,Clifford,clifford@xyz.com,8.3,6,7
1450,Alvin,alvin@xyz.com,9.9,6,24
1455,Cheryle,cheryle@xyz.com,8.7,7,7
1466,Barry,barry@xyz.com,8.7,6,8
1473,Rafael,rafael@xyz.com,9.5,8,15
1474,Margarita,margarita@xyz.com,8.1,8,19
1481,Yuko,yuko@xyz.com,8.7,8,19
1482,Ernest,ernest@xyz.com,8.3,8,25
1484,Minnie,minnie@xyz.com,8.6,6,6
1485,Myra,myra@xyz.com,8.5,8,9
1486,Shawna,shawna@xyz.com,9.1,8,20
1491,Toni,toni@xyz.com,9.4,6,16
1501,Vicente,vicente@xyz.com,9.4,8,18
1506,Charles,charles@xyz.com,8.3,8,13
1508,Lauren,lauren@xyz.com,9.6,6,21
1512,Gary,gary@xyz.com,9.1,6,25
1518,Mark,mark@xyz.com,9.1,8,21
1526,Thomas,thomas@xyz.com,8.4,8,5
1531,John,john@xyz.com,9.9,8,22
1541,Linda,linda@xyz.com,8.5,6,13
1542,Kathy,kathy@xyz.com,9.1,8,15
1544,Belinda,belinda@xyz.com,8.7,6,12
1545,Robert,robert@xyz.com,8.8,6,20
1546,Eugene,eugene@xyz.com,9.3,6,20
1550,Mary,mary@xyz.com,9.1,6,17
1556,Thomas,thomas@xyz.com,9.9,8,25
1565,Donald,donald@xyz.com,9.7,8,26
1569,Gene,gene@xyz.com,8.2,8,11
1573,Lydia,lydia@xyz.com,9.1,6,15
1575,Mark,mark@xyz.com,8.2,8,7
1577,Matthew,matthew@xyz.com,8.7,8,19
1581,Jeffery,jeffery@xyz.com,9.9,6,16
1584,Shirley,shirley@xyz.com,9.6,6,15
1590,Robert,robert@xyz.com,8.4,6,9
1594,Karen,karen@xyz.com,8.3,8,16
1595,Eric,eric@xyz.com,8.9,6,8
1602,Jean,jean@xyz.com,8.3,6,11
1611,Gloria,gloria@xyz.com,9.5,6,21
1624,Mary,mary@xyz.com,8.5,6,12
1627,Steven,steven@xyz.com,9.5,8,25
1635,Clay,clay@xyz.com,8.7,8,15
1636,Alice,alice@xyz.com,8.3,8,17
1637,Carolyn,carolyn@xyz.com,9.4,6,19
1638,Judith,judith@xyz.com,8.6,8,13
1649,John,john@xyz.com,8.1,6,21
1652,Linda,linda@xyz.com,8.3,6,21
1655,Christopher,christopher@xyz.com,9.4,8,23
1659,Carol,carol@xyz.com,9.3,6,17
1662,Alma,alma@xyz.com,8.1,8,7
1664,George,george@xyz.com,9.6,6,21
1671,Roy,roy@xyz.com,9.1,8,24
1681,Charles,charles@xyz.com,9.2,8,19
1683,Joan,joan@xyz.com,9.9,6,16
1685,Ricardo,ricardo@xyz.com,9.3,8,23
1689,Cora,cora@xyz.com,8.7,8,15
1693,Robert,robert@xyz.com,8.5,8,20
1694,Mary,mary@xyz.com,9.1,6,32
1695,Peggy,peggy@xyz.com,9.7,8,16
1697,Luis,luis@xyz.com,9.3,8,30
1699,Lisa,lisa@xyz.com,8.7,8,8
1700,Vanessa,vanessa@xyz.com,9.1,8,21
1705,Erica,erica@xyz.com,9.3,6,19
1710,Eugene,eugene@xyz.com,8.3,6,9
1713,Steve,steve@xyz.com,9.7,6,30
1718,Carl,carl@xyz.com,8.7,6,23
1720,Anita,anita@xyz.com,8.5,6,13
1721,Benjamin,benjamin@xyz.com,9.1,8,19
1731,Lori,lori@xyz.com,8.6,8,12
1734,Lorna,lorna@xyz.com,9.9,6,15
1736,John,john@xyz.com,9.8,6,21
1737,Kimberly,kimberly@xyz.com,9.6,8,21
1743,Frank,frank@xyz.com,8.4,8,21
1747,Joseph,joseph@xyz.com,8.9,6,17
1749,Paul,paul@xyz.com,8.5,8,21
1750,Byron,byron@xyz.com,8.5,6,8
1753,Rebecca,rebecca@xyz.com,8.3,6,25
1764,Maria,maria@xyz.com,9.5,8,18
1765,Catherine,catherine@xyz.com,9.2,8,16
1778,Manuel,manuel@xyz.com,8.5,8,19
1780,Roy,roy@xyz.com,9.5,6,29
1783,Grace,grace@xyz.com,9.3,6,15
1788,Rex,rex@xyz.com,8.5,6,12
1789,Ellen,ellen@xyz.com,8.3,6,10
1790,Thomas,thomas@xyz.com,8.6,8,15
1792,Charles,charles@xyz.com,9.1,8,20
1799,Velma,velma@xyz.com,8.1,8,20
1802,Eddie,eddie@xyz.com,8.3,8,24
1806,Alexander,alexander@xyz.com,9.4,6,24
1813,Bryan,bryan@xyz.com,8.1,8,19
1814,Cora,cora@xyz.com,9.5,8,21
1818,Doris,doris@xyz.com,9.3,6,25
1819,Carl,carl@xyz.com,9.6,6,26
1828,Christine,christine@xyz.com,9.5,8,34
1833,Rosa,rosa@xyz.com,9.1,8,20
1835,Laurie,laurie@xyz.com,8.4,6,7
1841,Lawrence,lawrence@xyz.com,9.3,8,25
1843,Jacob,jacob@xyz.com,8.4,6,5
1847,Norman,norman@xyz.com,8.5,6,9
1850,Kevin,kevin@xyz.com,9.3,6,21
1853,Joan,joan@xyz.com,8.7,6,7
1854,Harry,harry@xyz.com,9.1,6,30
1859,Matt,matt@xyz.com,9.3,8,19
1867,Everett,everett@xyz.com,9.7,8,19
1874,Carl,carl@xyz.com,8.5,8,5
1875,Elizabeth,elizabeth@xyz.com,9.1,8,19
1880,David,david@xyz.com,9.1,8,18
1883,Michael,michael@xyz.com,8.6,8,15
1884,James,james@xyz.com,9.2,6,25
1887,Debbie,debbie@xyz.com,9.9,8,20
1888,Annie,annie@xyz.com,8.1,8,20
1895,Timothy,timothy@xyz.com,8.4,6,21
1900,Lawrence,lawrence@xyz.com,8.3,8,7
1910,Marie,marie@xyz.com,9.9,6,15
1917,Jeremiah,jeremiah@xyz.com,9.5,6,19
1927,Carla,carla@xyz.com,8.7,6,10
1930,Ronald,ronald@xyz.com,8.5,8,12
1933,Thomas,thomas@xyz.com,9.5,8,25
1936,Tammy,tammy@xyz.com,9.3,6,19
1942,George,george@xyz.com,8.6,8,29
1943,Betty,betty@xyz.com,8.5,8,19
1949,Lisa,lisa@xyz.com,9.4,8,25
1959,Lena,lena@xyz.com,9.4,8,25
1965,Nicholas,nicholas@xyz.com,8.9,8,13
1966,Richard,richard@xyz.com,8.3,8,11
1968,David,david@xyz.com,8.1,8,19
1971,Bobby,bobby@xyz.com,9.6,8,25
1978,Curtis,curtis@xyz.com,9.1,8,20
1980,Joshua,joshua@xyz.com,9.2,8,22
1985,Charles,charles@xyz.com,9.1,6,15
1986,Chad,chad@xyz.com,8.4,6,20
1988,Patricia,patricia@xyz.com,9.2,6,17
1991,Phyllis,phyllis@xyz.com,9.9,6,20
2003,David,david@xyz.com,9.1,8,21
2005,Patricia,patricia@xyz.com,8.7,6,9
2007,Marcia,marcia@xyz.com,8.8,8,7
2011,Evelyn,evelyn@xyz.com,8.7,8,24
2021,Susan,susan@xyz.com,8.3,8,8
2033,Peggy,peggy@xyz.com,9.1,8,29
2034,Joseph,joseph@xyz.com,9.5,8,29
2036,Christy,christy@xyz.com,8.2,6,13
2038,Johnny,johnny@xyz.com,8.7,8,14
2043,Stephen,stephen@xyz.com,8.6,8,14
2044,Barbara,barbara@xyz.com,9.2,8,16
2046,Stanley,stanley@xyz.com,9.9,6,29
2047,Terry,terry@xyz.com,8.1,6,7
2050,Jacqueline,jacqueline@xyz.com,9.6,6,30
2052,Marcia,marcia@xyz.com,9.1,8,21
2058,Hilda,hilda@xyz.com,8.9,8,9
2061,William,william@xyz.com,8.8,8,11
2071,Kathleen,kathleen@xyz.com,9.2,6,22
2073,Maria,maria@xyz.com,8.7,6,9
2076,Carol,carol@xyz.com,9.2,6,17
2087,Leslie,leslie@xyz.com,9.0,8,9
2091,Laurie,laurie@xyz.com,9.5,8,16
2102,Helen,helen@xyz.com,8.5,6,8
2103,Larry,larry@xyz.com,9.1,6,28
2113,Mark,mark@xyz.com,8.1,8,8
2124,Robert,robert@xyz.com,8.9,8,23
2127,John,john@xyz.com,8.1,8,7
2129,Corey,corey@xyz.com,9.6,8,19
2131,Bryan,bryan@xyz.com,9.3,8,13
2145,Patrick,patrick@xyz.com,9.1,8,17
2153,Victoria,victoria@xyz.com,9.3,8,19
2166,Misty,misty@xyz.com,9.1,8,29
2167,Donna,donna@xyz.com,9.2,8,29
2172,Stephen,stephen@xyz.com,9.3,6,20
2176,Matthew,matthew@xyz.com,8.3,6,8
2179,Kenneth,kenneth@xyz.com,9.7,8,11
2181,Richard,richard@xyz.com,8.7,8,9
2182,Susan,susan@xyz.com,8.7,8,5
2185,Juan,juan@xyz.com,8.5,6,15
2187,Christy,christy@xyz.com,9.5,6,21
2191,Robert,robert@xyz.com,8.7,6,16
2195,Harry,harry@xyz.com,8.6,6,8
2196,Mario,mario@xyz.com,9.2,6,15
2201,Terry,terry@xyz.com,9.5,8,23
2203,Margaret,margaret@xyz.com,9.6,6,28
2208,Steven,steven@xyz.com,9.5,8,23
2210,James,james@xyz.com,8.4,6,8
2211,Ronald,ronald@xyz.com,9.9,8,19
2218,Brandon,brandon@xyz.com,9.5,6,18
2219,Kevin,kevin@xyz.com,8.5,8,12
2225,Christopher,christopher@xyz.com,9.9,8,20
2230,Maria,maria@xyz.com,9.2,8,19
2232,Robert,robert@xyz.com,8.7,6,11
2243,Alan,alan@xyz.com,8.7,8,5
2245,Maxine,maxine@xyz.com,9.0,8,21
2247,Kenneth,kenneth@xyz.com,8.5,6,7
2251,Jean,jean@xyz.com,9.7,6,17
2252,William,william@xyz.com,9.3,8,19
2257,Johnnie,johnnie@xyz.com,8.7,6,25
2258,Joyce,joyce@xyz.com,8.3,8,21
2259,Monica,monica@xyz.com,9.4,6,30
2260,Anna,anna@xyz.com,8.6,6,24
2261,Roger,roger@xyz.com,8.5,8,8
2272,Luis,luis@xyz.com,8.5,8,9
2274,Timothy,timothy@xyz.com,8.1,8,17
2288,Alvaro,alvaro@xyz.com,9.6,8,18
2289,Kenneth,kenneth@xyz.com,9.1,6,27
2295,Christy,christy@xyz.com,9.5,6,27
2296,Donald,donald@xyz.com,9.2,8,19
2302,Lindsay,lindsay@xyz.com,8.4,6,20
2308,Julia,julia@xyz.com,8.4,8,8
2310,Maxine,maxine@xyz.com,8.7,8,21
2314,Donna,donna@xyz.com,8.5,8,21
2319,Thomas,thomas@xyz.com,8.8,6,8
2321,Leonard,leonard@xyz.com,9.1,8,19
2325,Corey,corey@xyz.com,9.2,6,26
2326,Bonnie,bonnie@xyz.com,9.3,6,26
2329,Nancy,nancy@xyz.com,8.3,8,5
2336,Jonathan,jonathan@xyz.com,8.7,6,12
2339,Cynthia,cynthia@xyz.com,8.5,8,14
2341,Patricia,patricia@xyz.com,9.5,6,16
2343,Teresa,teresa@xyz.com,8.2,6,7
2345,Mary,mary@xyz.com,8.7,6,6
2349,Jose,jose@xyz.com,8.6,6,23
2350,Edwin,edwin@xyz.com,9.2,8,29
2354,Ahmad,ahmad@xyz.com,8.1,6,19
2355,John,john@xyz.com,9.5,6,18
2357,Tammy,tammy@xyz.com,9.1,6,19
2359,Karen,karen@xyz.com,9.5,8,13
2361,Frank,frank@xyz.com,8.4,6,15
2369,Keith,keith@xyz.com,8.5,6,25
2373,Fred,fred@xyz.com,8.3,8,20
2377,Edward,edward@xyz.com,9.9,6,19
2383,John,john@xyz.com,9.2,8,23
2392,Vickie,vickie@xyz.com,9.0,6,25
2394,Christine,christine@xyz.com,8.5,6,11
2397,Rachel,rachel@xyz.com,9.5,8,19
2406,Leo,leo@xyz.com,8.3,6,17
2408,Maria,maria@xyz.com,8.6,8,9
2410,Catherine,catherine@xyz.com,9.1,6,19
2414,Jackie,jackie@xyz.com,9.4,8,25
2417,Brian,brian@xyz.com,8.5,8,19
2422,Paul,paul@xyz.com,8.3,8,9
2424,Angela,angela@xyz.com,9.4,6,25
2427,Rick,rick@xyz.com,9.3,6,20
2429,Matthew,matthew@xyz.com,8.9,6,17
2430,Joan,joan@xyz.com,8.3,6,19
2431,Jeffrey,jeffrey@xyz.com,8.1,8,11
2432,Josie,josie@xyz.com,9.5,6,19
2436,Nancy,nancy@xyz.com,9.3,6,15
2437,Rachelle,rachelle@xyz.com,9.1,6,20
2444,Joan,joan@xyz.com,9.2,8,19
2453,Linda,linda@xyz.com,9.2,6,19
2456,Arthur,arthur@xyz.com,9.9,8,25
2458,Lisa,lisa@xyz.com,9.3,8,30
2460,Terry,terry@xyz.com,8.4,6,8
2462,Edna,edna@xyz.com,8.7,6,17
2465,Ronnie,ronnie@xyz.com,8.5,6,8
2471,Jordan,jordan@xyz.com,9.3,6,20
2475,Tony,tony@xyz.com,9.2,8,28
2489,John,john@xyz.com,8.7,8,30
2490,Willie,willie@xyz.com,8.7,6,24
2491,Leland,leland@xyz.com,8.2,8,8
2495,Annie,annie@xyz.com,9.5,8,27
2498,Paul,paul@xyz.com,8.2,8,8
2500,Christina,christina@xyz.com,9.1,6,19
2503,Patrick,patrick@xyz.com,8.6,6,11
2504,Catherine,catherine@xyz.com,9.2,6,15
2506,Armando,armando@xyz.com,9.9,6,19
2519,Irene,irene@xyz.com,8.5,6,15
2530,Erica,erica@xyz.com,9.5,8,16
2541,James,james@xyz.com,8.7,8,8
2547,Julia,julia@xyz.com,9.7,8,25
2552,Michael,michael@xyz.com,8.7,6,13
2556,Philip,philip@xyz.com,8.5,8,21
2557,Charles,charles@xyz.com,9.1,6,19
2563,Kathryn,kathryn@xyz.com,9.4,8,24
2564,Sean,sean@xyz.com,8.5,6,21
2566,Corey,corey@xyz.com,8.1,8,18
2568,Thelma,thelma@xyz.com,8.3,8,8
2576,Richard,richard@xyz.com,8.9,6,7
2579,Robert,robert@xyz.com,8.1,6,5
2583,Sarah,sarah@xyz.com,9.1,6,19
2590,Annie,annie@xyz.com,9.5,6,20
2596,Thomas,thomas@xyz.com,8.4,6,6
2601,David,david@xyz.com,9.3,8,14
2605,Franklin,franklin@xyz.com,8.7,8,23
2608,Victoria,victoria@xyz.com,8.5,8,9
2609,Kathy,kathy@xyz.com,9.1,6,18
2610,Rex,rex@xyz.com,9.7,8,18
2613,Jane,jane@xyz.com,9.3,6,18
2615,Daniel,daniel@xyz.com,8.7,8,9
2616,Larry,larry@xyz.com,9.1,6,18
2619,James,james@xyz.com,8.3,8,6
2624,Lisa,lisa@xyz.com,8.3,8,12
2628,Mildred,mildred@xyz.com,9.7,6,15
2633,Edmund,edmund@xyz.com,8.5,8,5
2638,Derrick,derrick@xyz.com,8.7,6,13
2639,David,david@xyz.com,9.1,6,24
2640,Maria,maria@xyz.com,8.9,8,17
2642,Nancy,nancy@xyz.com,8.6,8,8
2643,Louis,louis@xyz.com,9.2,6,18
2646,Andrew,andrew@xyz.com,9.9,6,25
2648,Dawn,dawn@xyz.com,9.6,8,21
2651,Ronald,ronald@xyz.com,9.1,8,17
2659,Mark,mark@xyz.com,8.9,6,13
2660,Delores,delores@xyz.com,9.5,8,21
2661,Sandra,sandra@xyz.com,8.5,6,15
2662,James,james@xyz.com,8.5,8,19
2665,Dennis,dennis@xyz.com,8.3,6,8
2669,Robert,robert@xyz.com,9.9,8,19
2673,Glenda,glenda@xyz.com,9.2,6,20
2674,Donna,donna@xyz.com,8.7,8,17
2677,Donna,donna@xyz.com,9.2,8,23
2687,Lisa,lisa@xyz.com,8.7,6,8
2694,Lucille,lucille@xyz.com,9.5,6,18
2696,Mary,mary@xyz.com,9.7,8,25
2698,Peter,peter@xyz.com,9.1,6,24
2701,Tom,tom@xyz.com,8.5,6,8
2703,Jorge,jorge@xyz.com,9.4,8,27
2704,Kathy,kathy@xyz.com,8.6,8,25
2710,Alan,alan@xyz.com,9.4,6,18
2717,Josie,josie@xyz.com,9.4,8,25
2722,Dennis,dennis@xyz.com,8.9,8,17
2727,Juan,juan@xyz.com,9.6,8,29
2730,Melissa,melissa@xyz.com,9.3,6,15
2732,Aaron,aaron@xyz.com,9.1,6,20
2741,Dorothy,dorothy@xyz.com,9.2,8,29
2757,Dominic,dominic@xyz.com,8.5,8,8
2762,James,james@xyz.com,8.8,8,17
2763,Elizabeth,elizabeth@xyz.com,9.3,6,18
2764,Peggy,peggy@xyz.com,8.7,6,19
2769,Jennifer,jennifer@xyz.com,8.3,8,7
2770,Quincy,quincy@xyz.com,9.2,6,18
2771,Mary,mary@xyz.com,9.9,8,19
2786,Douglas,douglas@xyz.com,9.1,6,26
2796,Rosa,rosa@xyz.com,9.2,6,24
2799,Eileen,eileen@xyz.com,9.9,6,21
2800,Dolores,dolores@xyz.com,8.1,6,8
2803,Philip,philip@xyz.com,9.6,6,25
2807,William,william@xyz.com,9.9,8,17
2813,Deborah,deborah@xyz.com,8.9,8,8
2814,Mike,mike@xyz.com,9.5,8,26
2815,Miguel,miguel@xyz.com,8.5,8,7
2817,Carlos,carlos@xyz.com,8.8,6,8
2819,Paul,paul@xyz.com,8.3,6,6
2822,Marcus,marcus@xyz.com,9.9,8,25
2828,Susan,susan@xyz.com,8.7,8,9
2831,James,james@xyz.com,9.2,8,16
2841,Matt,matt@xyz.com,8.7,6,8
2845,Jason,jason@xyz.com,9.3,8,15
2849,Rita,rita@xyz.com,8.5,8,18
2850,Robert,robert@xyz.com,8.7,6,23
2851,Ashley,ashley@xyz.com,8.3,8,5
2852,Ellen,ellen@xyz.com,8.6,8,9
2853,Theodore,theodore@xyz.com,8.5,8,9
2854,Russell,russell@xyz.com,9.1,8,17
2859,Donald,donald@xyz.com,9.4,6,23
2862,Bryan,bryan@xyz.com,8.5,8,7
2864,Helen,helen@xyz.com,8.1,8,19
2870,Bryan,bryan@xyz.com,9.3,6,26
2874,John,john@xyz.com,8.1,8,12
2876,Adrianne,adrianne@xyz.com,9.3,8,21
2878,Francis,francis@xyz.com,9.1,8,21
2889,Shaikh,shaikh@xyz.com,8.4,8,21
2893,Gupta,gupta@xyz.com,9.3,6,18
2898,Sunil,sunil@xyz.com,8.8,6,12
2903,Grace,grace@xyz.com,9.3,6,17
2910,Ranjeet,ranjeet@xyz.com,9.7,6,26
2918,Deepak,deepak@xyz.com,8.2,6,9
2920,Ankush,ankush@xyz.com,9.1,8,17
2921,NILESH,nilesh@xyz.com,8.9,6,11
2925,Rajaram,rajaram@xyz.com,9.6,8,21
2927,Arun,arun@xyz.com,9.1,6,18
2929,Nagendra,nagendra@xyz.com,9.5,8,18
2938,Vara,vara@xyz.com,8.3,8,8
2939,Sachin,sachin@xyz.com,9.9,6,26
2943,ramchandra,ramchandra@xyz.com,9.2,6,20
2952,PRAMOD,pramod@xyz.com,8.1,8,19
2954,Rajaram,rajaram@xyz.com,9.3,6,23
2958,Avinash,avinash@xyz.com,8.3,8,11
2959,Ramchandra,ramchandra@xyz.com,9.4,6,15
2960,Vasant,vasant@xyz.com,8.5,8,18
2968,Ramnath,ramnath@xyz.com,8.3,6,13
2971,Hemant,hemant@xyz.com,9.4,6,18
2978,Rajendra,rajendra@xyz.com,8.1,8,7
2981,Subodh,subodh@xyz.com,9.3,6,19
2983,Sanjay,sanjay@xyz.com,9.1,6,21
2986,Vasant,vasant@xyz.com,9.2,8,25
2988,Anant,anant@xyz.com,9.1,6,19
2992,Sudhir,sudhir@xyz.com,9.2,6,18
2995,Vaishnavi,vaishnavi@xyz.com,9.3,8,19
2997,Narayan,narayan@xyz.com,8.4,6,9
3003,Prakash,prakash@xyz.com,8.8,8,19
3004,Kundan,kundan@xyz.com,8.7,8,9
3006,Dinkar,dinkar@xyz.com,9.2,6,15
3010,Subhash,subhash@xyz.com,9.2,8,22
3011,Jadhav,jadhav@xyz.com,9.3,6,16
3016,DATTATRAY,dattatray@xyz.com,9.7,8,16
3023,Rathod,rathod@xyz.com,9.1,6,24
3024,patel,patel@xyz.com,9.5,6,17
3039,Taksh,taksh@xyz.com,8.1,6,18
3040,KALKANI,kalkani@xyz.com,9.5,6,14
3041,Patel,patel@xyz.com,9.8,8,25
3045,Dharti,dharti@xyz.com,9.1,6,15
3047,Sujal,sujal@xyz.com,9.5,6,18
3060,BHUVANAGIRI,bhuvanagiri@xyz.com,8.8,6,5
3067,Adityakumar,adityakumar@xyz.com,9.9,8,15
3074,RATHOD,rathod@xyz.com,8.7,8,16
3075,RATHOD,rathod@xyz.com,9.5,6,19
3088,Pal,pal@xyz.com,8.7,8,5
3090,Ashlesha,ashlesha@xyz.com,9.0,6,19
3095,Kaushani,kaushani@xyz.com,9.5,6,20
3098,PREM,prem@xyz.com,9.3,8,30
3105,Rathod,rathod@xyz.com,8.3,6,8
3106,SOURABH,sourabh@xyz.com,9.4,8,25
3107,Nihar,nihar@xyz.com,8.6,8,7
3108,JAYSHREE,jayshree@xyz.com,8.5,8,13
3109,Mansi,mansi@xyz.com,9.1,8,19
3119,Piyush,piyush@xyz.com,8.5,6,11
3132,Samruddhi,samruddhi@xyz.com,9.3,6,21
3134,Rutuja,rutuja@xyz.com,8.9,6,16
3137,Hrishikesh,hrishikesh@xyz.com,8.1,6,7
3139,Harshal,harshal@xyz.com,9.6,6,23
3142,Vedant,vedant@xyz.com,9.3,8,17
3144,Patel,patel@xyz.com,9.1,8,21
3154,Jaiswal,jaiswal@xyz.com,9.5,6,19
3155,Akshinsinh,akshinsinh@xyz.com,9.2,8,21
3160,vraj,vraj@xyz.com,9.1,8,29
3162,Sharma,sharma@xyz.com,8.4,6,8
3164,Esha,esha@xyz.com,9.2,8,19
3167,Sahil,sahil@xyz.com,9.9,8,18
3171,Sanjay,sanjay@xyz.com,8.4,6,18
3174,Nikhil,nikhil@xyz.com,8.7,8,8
3180,Rushikesh,rushikesh@xyz.com,9.1,8,22
3185,Anmol,anmol@xyz.com,9.3,6,17
3188,Ghanshyam,ghanshyam@xyz.com,8.7,8,11
3189,Shriram,shriram@xyz.com,9.1,8,24
3194,Anghan,anghan@xyz.com,8.3,8,12
3197,AARAV,aarav@xyz.com,9.3,8,18
3210,Ashwini ,ashwini@xyz.com,8.7,8,24
3211,Jheanna Mae,jheannamae@xyz.com,8.7,8,17
3214,Riya,riya@xyz.com,9.1,6,25
3215,Shubham,shubham@xyz.com,9.5,6,20
3219,Vishal,vishal@xyz.com,8.9,8,21
3224,Omkar,omkar@xyz.com,9.9,8,16
3225,Patel,patel@xyz.com,9.1,8,29
3226,Arjun,arjun@xyz.com,8.4,6,7
3231,Snehal,snehal@xyz.com,8.3,8,13
3233,Apurva,apurva@xyz.com,8.5,6,5
3234,Pooja,pooja@xyz.com,8.5,8,20
3235,Prashant,prashant@xyz.com,8.8,8,20
3240,Ketaki,ketaki@xyz.com,9.9,8,23
3248,Sakshi,sakshi@xyz.com,9.2,8,24
3267,Shah,shah@xyz.com,8.3,8,19
3268,Shruti,shruti@xyz.com,9.4,8,15
3270,Shravani,shravani@xyz.com,9.1,8,19
3276,Shruti,shruti@xyz.com,8.5,6,7
3280,Dr.,dr.@xyz.com,9.4,6,24
3284,Smit,smit@xyz.com,8.3,8,8
3285,Shubham,shubham@xyz.com,9.5,8,21
3289,Ragul,ragul@xyz.com,9.3,6,19
3290,vasant,vasant@xyz.com,9.6,6,21
3297,Aishwarya,aishwarya@xyz.com,9.1,8,23
3298,Abhishek,abhishek@xyz.com,9.7,6,24
3300,Arya,arya@xyz.com,9.1,6,26
3304,Sahil,sahil@xyz.com,9.3,8,22
3306,Snehal,snehal@xyz.com,8.3,6,17
3313,Nikita,nikita@xyz.com,8.2,8,20
3315,Nishant,nishant@xyz.com,8.5,8,9
3316,Anmol,anmol@xyz.com,9.1,8,21
3317,RAHUL,rahul@xyz.com,9.5,6,15
3320,Priyanka,priyanka@xyz.com,8.7,6,8
3321,Rutika,rutika@xyz.com,9.1,8,24
3324,ashish,ashish@xyz.com,9.9,8,19
3325,SHUBHAM,shubham@xyz.com,8.1,8,9
3327,Patel,patel@xyz.com,9.6,8,25
3328,RANA,rana@xyz.com,9.6,8,21
3331,Saurabh,saurabh@xyz.com,8.4,6,17
3332,Meet,meet@xyz.com,9.9,6,18
3338,RANA,rana@xyz.com,9.5,8,31
3341,PATEL,patel@xyz.com,8.3,8,7
3361,Santhana,santhana@xyz.com,9.0,6,8
3366,Rupapara,rupapara@xyz.com,9.5,8,21
3368,AARAV,aarav@xyz.com,9.7,6,19
3369,Harshil,harshil@xyz.com,9.3,8,17
3376,Dharti,dharti@xyz.com,8.3,8,8
3378,Sujal,sujal@xyz.com,8.6,8,9
3379,Ayush,ayush@xyz.com,8.5,8,17
3380,Vasava,vasava@xyz.com,9.1,8,13
3387,DARJI,darji@xyz.com,9.4,6,19
3399,PATEL,patel@xyz.com,9.4,8,19
3403,Prathmesh,prathmesh@xyz.com,9.3,8,21
3405,RATHOD,rathod@xyz.com,8.9,6,10
3406,RATHOD,rathod@xyz.com,8.3,8,15
3408,Patel,patel@xyz.com,8.1,8,20
3409,Patel,patel@xyz.com,9.5,6,21
3410,Meet,meet@xyz.com,9.6,8,17
3414,Darsh,darsh@xyz.com,9.6,8,21
3415,RITIK,ritik@xyz.com,9.1,8,21
3426,Kaushani,kaushani@xyz.com,9.2,6,21
3431,C,c@xyz.com,9.1,6,25
3435,Harshini,harshini@xyz.com,9.2,6,30
3438,Nihar,nihar@xyz.com,9.9,6,17
3440,Mansi,mansi@xyz.com,9.3,6,35
3445,Mugdal,mugdal@xyz.com,8.7,8,8
3456,TADHANI,tadhani@xyz.com,9.3,8,17
3460,MD.,md.@xyz.com,9.1,6,19
3465,Rutuja,rutuja@xyz.com,8.3,6,20
3466,Rana,rana@xyz.com,9.2,6,15
3477,Rohit,rohit@xyz.com,9.7,6,20
3481,Nihal,nihal@xyz.com,8.7,6,8
3482,Patel,patel@xyz.com,8.7,6,7
3483,Jaykumar,jaykumar@xyz.com,8.2,8,21
3487,Charmi,charmi@xyz.com,9.1,8,21
3488,Tushar,tushar@xyz.com,9.5,8,21
3493,Sharma,sharma@xyz.com,8.7,8,17
3495,Esha,esha@xyz.com,8.9,6,21
3498,Sahil,sahil@xyz.com,8.6,8,8
3499,dirgh,dirgh@xyz.com,9.2,8,21
3503,PRAJWAL,prajwal@xyz.com,8.1,6,24
3506,Aakanksha,aakanksha@xyz.com,9.6,8,21
3513,Krishan,krishan@xyz.com,8.4,8,8
3514,Hemant ,hemant@xyz.com,9.9,8,21
3520,Shriram,shriram@xyz.com,8.9,6,6
3522,Tushar,tushar@xyz.com,8.5,8,7
3523,Abdul,abdul@xyz.com,8.5,8,8
3527,Garala,garala@xyz.com,8.3,6,11
3531,Vikranth,vikranth@xyz.com,9.9,8,21
3538,Abhishek,abhishek@xyz.com,8.7,8,12
3541,Ashwini ,ashwini@xyz.com,9.2,6,20
3550,Neeraj,neeraj@xyz.com,8.7,8,5
3552,Sanjay,sanjay@xyz.com,8.5,6,7
3568,Hanmant,hanmant@xyz.com,8.6,7,20
3586,ASHUTOSH KUMAR,ashutoshkumar@xyz.com,9.1,7,26
3591,Lisban ,lisban@xyz.com,8.2,7,8
3592,Mahima,mahima@xyz.com,9.5,7,27
3597,Hrishi,hrishi@xyz.com,9.1,7,17
3599,Shital,shital@xyz.com,9.2,7,19
3600,Prathit,prathit@xyz.com,9.9,7,14
3601,Avijit,avijit@xyz.com,9.6,7,15
3635,NIYATI  ,niyati@xyz.com,8.9,7,8
3638,Bhagirath,bhagirath@xyz.com,9.3,7,18
3649,Karina ,karina@xyz.com,8.5,7,21
3656,Sanesh,sanesh@xyz.com,8.3,7,9
3659,Simi,simi@xyz.com,8.7,7,8
3660,Shireen,shireen@xyz.com,8.7,7,5
3662,Karpura,karpura@xyz.com,8.5,7,7
3667,Ishan,ishan@xyz.com,9.2,7,30
3673,Arbaj,arbaj@xyz.com,9.9,7,21
3680,PRIYADARSHANI,priyadarshani@xyz.com,9.5,7,28
3685,Ved,ved@xyz.com,8.7,7,11
3694,Divij,divij@xyz.com,8.1,7,24
3700,Harshvardhan,harshvardhan@xyz.com,8.9,7,9
3702,Swaminath,swaminath@xyz.com,8.1,7,11
3705,Jugal,jugal@xyz.com,9.1,7,21
3707,Rutvik,rutvik@xyz.com,9.1,7,17
3732,Shubrat,shubrat@xyz.com,9.8,7,16
3738,DISHANT,dishant@xyz.com,9.5,7,16
3740,Gohil ,gohil@xyz.com,8.3,7,15
3751,Bilal,bilal@xyz.com,8.5,7,8
3776,Roshaun,roshaun@xyz.com,8.5,7,8
3777,Vishvjit,vishvjit@xyz.com,9.7,7,25
3778,Khajabi ,khajabi@xyz.com,8.8,7,24
3791,Hridya,hridya@xyz.com,9.2,7,29
3794,Surakshith,surakshith@xyz.com,9.9,7,24
3795,Divyashri,divyashri@xyz.com,8.1,7,21
3796,Sampada,sampada@xyz.com,9.8,7,21
3800,Rajdeep,rajdeep@xyz.com,9.5,7,19
3804,Vinita,vinita@xyz.com,8.5,7,18
3819,Yelena,yelena@xyz.com,9.4,7,19
3829,Arpit,arpit@xyz.com,9.5,7,20
3839,Hardik,hardik@xyz.com,8.4,7,21
3850,HEMANSHU,hemanshu@xyz.com,8.3,7,19
3873,Palash,palash@xyz.com,9.2,7,15
3881,Parmanand,parmanand@xyz.com,9.1,7,25
3883,Dnyananda ,dnyananda@xyz.com,8.5,7,5
3884,Monali,monali@xyz.com,8.7,7,8
3899,s,s@xyz.com,8.1,7,21
3919,Deep,deep@xyz.com,9.5,7,26
3920,Haresh,haresh@xyz.com,9.9,7,25
3922,Bharat,bharat@xyz.com,8.5,7,5
3937,sheik,sheik@xyz.com,9.7,7,15
3941,Himami,himami@xyz.com,8.7,7,15
3944,Srimanthula,srimanthula@xyz.com,8.6,7,12
3960,Leena,leena@xyz.com,8.4,7,9
3966,Pritam ,pritam@xyz.com,8.5,7,8
3968,Capt Sachin,captsachin@xyz.com,8.7,7,19
3983,VINAYKUMAR,vinaykumar@xyz.com,8.7,7,20
3984,Aum,aum@xyz.com,8.2,7,9
3986,Priyansh,priyansh@xyz.com,9.1,7,31
3994,Ar. Priyanka,ar.priyanka@xyz.com,9.6,7,17
4004,Toshal,toshal@xyz.com,8.8,7,9
4013,Ashishkumar,ashishkumar@xyz.com,8.7,7,19
4019,RASTRASANT TUKDOJI MAHARAJ,rastrasanttukdojimaharaj@xyz.com,8.5,7,25
4020,Beryl,beryl@xyz.com,9.1,7,22
4032,Kamla,kamla@xyz.com,9.3,7,21
4042,Rupa,rupa@xyz.com,9.2,7,17
4046,Chandani ,chandani@xyz.com,9.7,7,20
4048,EREM,erem@xyz.com,8.7,7,10
4056,Jeevan,jeevan@xyz.com,8.7,7,11
4068,Kesari,kesari@xyz.com,9.6,7,25
4069,Charvin,charvin@xyz.com,9.1,7,25
4074,NISHIT,nishit@xyz.com,8.8,7,8
4080,Meenu,meenu@xyz.com,9.5,7,21
4089,Ratan ,ratan@xyz.com,8.5,7,13
4092,Vinay,vinay@xyz.com,9.1,7,21
4095,Prerit,prerit@xyz.com,8.5,7,21
4113,Dattaprasad,dattaprasad@xyz.com,9.2,7,30
4119,Gre,gre@xyz.com,9.1,7,17
4144,Sabahat,sabahat@xyz.com,8.9,7,13
4149,Pranshu,pranshu@xyz.com,8.3,7,12
4150,Abhinav,abhinav@xyz.com,9.2,7,16
4162,Pradnesh,pradnesh@xyz.com,9.4,7,17
4163,Brinda ,brinda@xyz.com,8.5,7,19
4168,Dikshant,dikshant@xyz.com,8.1,7,20
4173,PRAKSHAL,prakshal@xyz.com,9.5,7,17
4190,Gitesh,gitesh@xyz.com,9.7,6,30
4196,Saima,saima@xyz.com,9.9,6,20
4202,Rachana,rachana@xyz.com,9.7,6,14
4204,Sushma,sushma@xyz.com,8.7,7,9
4205,DUGAM,dugam@xyz.com,8.5,7,19
4208,Akshada,akshada@xyz.com,8.2,7,9
4214,Khilender,khilender@xyz.com,8.1,6,7
4216,Nipun,nipun@xyz.com,9.1,7,17
4218,PREETHI ,preethi@xyz.com,9.5,7,15
4220,Soheb,soheb@xyz.com,8.4,6,19
4223,Harshit,harshit@xyz.com,8.9,6,15
4224,Mohd Junaid ,mohdjunaid@xyz.com,8.5,6,20
4225,Rudresh,rudresh@xyz.com,8.8,7,9
4237,Earl,earl@xyz.com,9.0,7,9
4239,Lesa,lesa@xyz.com,9.7,6,17
4250,Chelsey,chelsey@xyz.com,9.5,7,23
4256,Laurence,laurence@xyz.com,9.3,7,28
4260,Elmer,elmer@xyz.com,8.3,7,9
4266,Ola,ola@xyz.com,8.6,6,13
4267,Georgiana,georgiana@xyz.com,9.9,7,16
4277,Mac,mac@xyz.com,8.5,8,15
4280,Trevor,trevor@xyz.com,8.9,8,9
4285,Jeanne,jeanne@xyz.com,9.2,8,19
4289,Cody,cody@xyz.com,8.7,8,7
4294,Kent,kent@xyz.com,8.7,6,13
4297,Garry,garry@xyz.com,9.1,6,25
4298,Neal,neal@xyz.com,8.9,8,22
4302,Paulette,paulette@xyz.com,9.5,6,14
4306,Alicia,alicia@xyz.com,9.9,6,14
4307,Bridget,bridget@xyz.com,9.2,8,24
4312,Doreen,doreen@xyz.com,8.7,6,11
4313,Drew,drew@xyz.com,9.1,8,25
4314,Kenya,kenya@xyz.com,9.4,6,21
4315,Lourdes,lourdes@xyz.com,8.5,8,8
4318,Alise,alise@xyz.com,8.3,8,9
4321,Terrell,terrell@xyz.com,9.6,8,19
4322,Kristy,kristy@xyz.com,9.1,6,21
4327,Stacey,stacey@xyz.com,9.1,6,19
4334,Frederic,frederic@xyz.com,9.2,8,25
4338,Romaine,romaine@xyz.com,8.2,6,8
4340,Leora,leora@xyz.com,9.5,6,25
4343,Breanna,breanna@xyz.com,9.6,6,25
4346,Stella,stella@xyz.com,8.3,6,13
4347,Rocco,rocco@xyz.com,8.8,6,9
4353,Wilda,wilda@xyz.com,8.7,6,10
4354,Camilla,camilla@xyz.com,9.4,6,26
4357,Lois,lois@xyz.com,9.4,8,30
4359,Xenia,xenia@xyz.com,8.5,6,8
4361,Young,young@xyz.com,8.9,6,30
4365,Joline,joline@xyz.com,9.9,6,26
4369,Michele,michele@xyz.com,8.5,8,7
4371,Raul,raul@xyz.com,9.7,8,29
4372,Nell,nell@xyz.com,8.7,6,8
4378,Lorena,lorena@xyz.com,8.2,8,7
4381,Hiram,hiram@xyz.com,8.9,8,8
4382,Madge,madge@xyz.com,9.8,8,16
4383,Al,al@xyz.com,9.6,6,27
4384,Bruce,bruce@xyz.com,9.1,6,19
4393,Tonya,tonya@xyz.com,9.1,8,23
4395,Lance,lance@xyz.com,8.5,6,16
4400,Terrence,terrence@xyz.com,9.5,8,18
4401,Emily,emily@xyz.com,9.6,6,18
4405,Georgia,georgia@xyz.com,9.5,8,25
4408,Ruben,ruben@xyz.com,9.2,6,19
4409,Harley,harley@xyz.com,8.3,6,9
4410,Louella,louella@xyz.com,9.2,8,29
4416,Marcy,marcy@xyz.com,9.6,6,21
4418,Myron,myron@xyz.com,8.4,6,5
4422,Nora,nora@xyz.com,8.5,8,13
4425,Caroline,caroline@xyz.com,8.7,8,21
4429,Lynn,lynn@xyz.com,8.3,8,21
4437,Noe,noe@xyz.com,9.5,6,15
4441,Tomas,tomas@xyz.com,8.4,6,24
4444,Jeremy,jeremy@xyz.com,8.7,8,24
4453,Gale,gale@xyz.com,8.2,8,8
4459,Carey,carey@xyz.com,9.5,8,16
4460,Lucile,lucile@xyz.com,9.2,6,19
4468,Tatiana,tatiana@xyz.com,8.3,8,22
4469,Bernadine,bernadine@xyz.com,8.1,8,9
4473,Ramon,ramon@xyz.com,9.1,8,20
4476,Benton,benton@xyz.com,9.1,8,19
4479,Connie,connie@xyz.com,9.9,8,11
4482,Treena,treena@xyz.com,9.3,6,28
4484,Dewayne,dewayne@xyz.com,8.7,6,7
4494,Virgil,virgil@xyz.com,9.1,6,19
4495,June,june@xyz.com,9.8,6,23
4496,Marjory,marjory@xyz.com,9.6,6,18
4499,Alton,alton@xyz.com,9.5,8,13
4508,Gordon,gordon@xyz.com,8.1,6,8
4520,Christiane,christiane@xyz.com,9.5,8,17
4528,Cameron,cameron@xyz.com,8.3,8,11
4531,Geraldine,geraldine@xyz.com,9.1,8,18
4533,Carrie,carrie@xyz.com,8.9,6,9
4535,Carmella,carmella@xyz.com,9.5,8,29
4542,Jasmin,jasmin@xyz.com,8.3,6,11
4547,Kristen,kristen@xyz.com,8.7,6,9
4561,Tressie,tressie@xyz.com,9.6,8,30
4566,Phillis,phillis@xyz.com,9.1,6,19
4582,Damien,damien@xyz.com,8.7,8,9
4586,Sam,sam@xyz.com,9.5,6,21
4588,Samantha,samantha@xyz.com,8.1,6,21
4591,Hermelinda,hermelinda@xyz.com,9.9,6,18
4593,Lottie,lottie@xyz.com,8.8,6,18
4602,Clifford,clifford@xyz.com,8.5,8,8
4609,Gwendolyn,gwendolyn@xyz.com,9.5,6,18
4621,Barry,barry@xyz.com,9.3,8,25
4623,Doug,doug@xyz.com,8.7,8,15
4631,Reynaldo,reynaldo@xyz.com,9.5,6,26
4637,Ernest,ernest@xyz.com,9.0,6,7
4639,Minnie,minnie@xyz.com,8.5,6,6
4641,Shawna,shawna@xyz.com,8.1,6,21
4652,Elaine,elaine@xyz.com,9.6,6,21
4660,Vora,vora@xyz.com,9.1,8,15
4666,Madhavrao,madhavrao@xyz.com,8.4,6,8
4668,Sinha,sinha@xyz.com,8.7,6,8
4669,AjgarAli,ajgarali@xyz.com,8.5,6,17
4670,Hemakant,hemakant@xyz.com,8.5,6,13
4672,Gadekar,gadekar@xyz.com,9.7,6,15
4676,Praful,praful@xyz.com,8.7,8,7
4677,Baban,baban@xyz.com,9.1,6,26
4693,DHARMENDRA,dharmendra@xyz.com,8.6,6,9
4694,Vidyarthi,vidyarthi@xyz.com,9.2,6,26
4696,Dwivedi,dwivedi@xyz.com,9.9,8,21
4700,Danej,danej@xyz.com,8.4,8,8
4702,Minhas,minhas@xyz.com,8.9,8,6
4711,Pappu,pappu@xyz.com,9.2,8,17
4714,Raju,raju@xyz.com,9.5,6,19
4722,kanojiya,kanojiya@xyz.com,8.7,8,21
4725,Shivaji,shivaji@xyz.com,9.5,6,17
4730,Marotrao,marotrao@xyz.com,9.1,8,19
4735,Jagtap,jagtap@xyz.com,8.5,6,9
4736,Suresh,suresh@xyz.com,8.1,6,15
4739,Bansilal,bansilal@xyz.com,9.3,8,20
4740,PATRA,patra@xyz.com,8.9,6,9
4742,R.,r.@xyz.com,9.6,6,19
4743,Mohanrao,mohanrao@xyz.com,9.6,6,18
4744,Someshwar,someshwar@xyz.com,9.1,8,20
4750,Shivcharan,shivcharan@xyz.com,9.5,6,17
4759,Vhatkar,vhatkar@xyz.com,8.5,8,12
4767,Sampat,sampat@xyz.com,9.9,8,30
4769,Madimgiri,madimgiri@xyz.com,8.3,8,21
4773,Khandve,khandve@xyz.com,8.7,6,21
4774,Dhamdhere,dhamdhere@xyz.com,8.7,8,8
4780,Harmeet,harmeet@xyz.com,8.6,6,9
4784,Pawar,pawar@xyz.com,9.8,6,21
4785,JIGNASHA,jignasha@xyz.com,9.6,6,20
4786,VIJYA,vijya@xyz.com,9.6,8,28
4794,Aamir,aamir@xyz.com,8.3,8,9
4796,Adinath,adinath@xyz.com,8.7,6,9
4801,Prerana,prerana@xyz.com,8.5,8,23
4804,Gokul,gokul@xyz.com,9.7,6,19
4806,Ashuraj,ashuraj@xyz.com,8.5,8,12
4818,Vikram,vikram@xyz.com,9.3,8,21
4820,Harish.s,harish.s@xyz.com,8.1,6,25
4827,SAMIULLAH,samiullah@xyz.com,9.5,8,17
4834,Kaviya.,kaviya.@xyz.com,8.4,8,8
4836,Vishnupriya,vishnupriya@xyz.com,9.2,8,27
4841,Dhanalakshmi,dhanalakshmi@xyz.com,9.3,6,24
4843,Leakhaa,leakhaa@xyz.com,8.4,6,19
4846,Nishaathiry.k,nishaathiry.k@xyz.com,8.7,6,18
4850,DHIVAGAR,dhivagar@xyz.com,8.5,8,8
4851,Kaviya,kaviya@xyz.com,8.7,8,9
4853,R.Roshiny,r.roshiny@xyz.com,8.8,8,13
4859,SINDHU,sindhu@xyz.com,8.3,6,13
4875,Haiya,haiya@xyz.com,9.8,8,30
4877,KASUNDRA,kasundra@xyz.com,9.5,8,19
4880,JAINISH,jainish@xyz.com,8.5,6,8
4881,Meghkumar,meghkumar@xyz.com,8.8,8,5
4885,Badal,badal@xyz.com,8.7,6,5
4888,Prajapati Ankit,prajapatiankit@xyz.com,9.2,8,17
